"","Rk","Player","Pos","TS%","FTr","ORB%","DRB%","TRB%","TOV%","WS","VORP"
"1","1","Steven Adams\adamsst01","C",0.604,0.421,14,24,19.2,14.2,6.5,2.1
"2","2","Bam Adebayo\adebaba01","PF",0.598,0.484,8.5,24.9,17,17.6,8.5,3.3
"3","3","LaMarcus Aldridge\aldrila01","C",0.571,0.241,6.3,17.8,12,7.8,4.5,1.5
"4","4","Kyle Alexander\alexaky01","PF",0.5,0,17.9,8.3,12.9,33.3,0,0
"5","5","Nickeil Alexander-Walker\alexani01","SG",0.473,0.139,1.6,13.5,7.5,16.1,-0.2,-0.4
"6","6","Grayson Allen\allengr01","SG",0.609,0.179,1.2,11.1,6.2,10.9,1.2,0.1
"7","7","Jarrett Allen\allenja01","C",0.664,0.581,12.3,24.9,18.7,11.7,8.2,2
"8","8","Kadeem Allen\allenka01","SG",0.512,0.25,1.8,6.6,4.1,14.1,0.1,0
"9","9","Al-Farouq Aminu\aminual01","PF",0.395,0.337,6.6,18.4,12.3,14.7,0.1,-0.1
"10","10","Justin Anderson\anderju01","SF",0.352,0.105,1,18.9,10.2,9.1,-0.1,-0.2
"11","11","Kyle Anderson\anderky01","PF",0.534,0.236,4.7,17.6,11.3,15.3,2.5,0.9
"12","12","Ryan Anderson\anderry01","C",0.357,0,0,52.9,26.2,12.5,0,0
"13","13","Giannis Antetokounmpo\antetgi01","PF",0.613,0.508,7.7,34.8,22.1,13.2,11.1,6.6
"14","14","Kostas Antetokounmpo\antetko01","PF",0.902,0.667,11.1,5.4,8.2,20.5,0.1,0
"15","15","Thanasis Antetokounmpo\antetth01","SF",0.496,0.354,9.8,8.7,9.2,17.8,0.2,0
"16","16","Carmelo Anthony\anthoca01","PF",0.525,0.206,4,16.1,10.1,10.5,1.3,-0.8
"17","17","OG Anunoby\anunoog01","SF",0.6,0.18,4.2,14.2,9.3,11.5,5.7,1.7
"18","18","Ryan Arcidiacono\arcidry01","PG",0.551,0.173,2.3,11.2,6.5,13.5,1.4,-0.2
"19","19","Trevor Ariza\arizatr01","SF",0.593,0.228,2.5,15.7,9,13.6,2.5,0.5
"20","19","Trevor Ariza\arizatr01","SF",0.543,0.164,2.9,18.2,10.4,13.7,1.1,0.3
"21","19","Trevor Ariza\arizatr01","SF",0.643,0.296,2,12.8,7.4,13.5,1.4,0.3
"22","20","D.J. Augustin\augusdj01","PG",0.554,0.393,1.6,7.8,4.6,13.7,2.9,0.2
"23","21","Deandre Ayton\aytonde01","C",0.568,0.157,13,26.3,19.6,11.6,3.1,0.7
"24","22","Dwayne Bacon\bacondw01","SG",0.419,0.217,2.3,14,7.9,12.2,-0.8,-0.8
"25","23","Marvin Bagley III\baglema01","PF",0.512,0.186,9.5,23.5,16.3,9.1,0.4,-0.1
"26","24","Lonzo Ball\balllo01","PG",0.517,0.111,3.7,16.4,10,21.1,2.4,1.3
"27","25","Mo Bamba\bambamo01","C",0.542,0.161,11.9,25.6,18.5,12.1,2.5,0.5
"28","26","J.J. Barea\bareajo01","PG",0.512,0.106,2.4,9.9,6.2,14.9,0.7,0.1
"29","27","Harrison Barnes\barneha02","PF",0.574,0.337,3.4,12.9,8.1,8.8,4.6,0.5
"30","28","RJ Barrett\barrerj01","SG",0.479,0.349,3,14.8,8.7,12.9,-0.5,-1
"31","29","Will Barton\bartowi01","SF",0.549,0.18,4.5,16.9,10.7,9.9,4.2,1.5
"32","30","Keita Bates-Diop\bateske01","SF",0.539,0.321,3.5,15.1,9.1,6,1.2,0.1
"33","30","Keita Bates-Diop\bateske01","SF",0.535,0.316,3.3,15.1,9,5.6,1,0.2
"34","30","Keita Bates-Diop\bateske01","SF",0.571,0.357,4.6,14.8,9.7,8.5,0.2,-0.1
"35","31","Nicolas Batum\batumni01","SF",0.463,0.123,5.2,16.8,10.8,20.5,0.6,0
"36","32","Aron Baynes\baynear01","C",0.581,0.197,8.3,20,14.1,10.8,2.1,0.2
"37","33","Kent Bazemore\bazemke01","SF-SG",0.499,0.275,1.7,17.1,9.4,13.2,0.6,-0.5
"38","33","Kent Bazemore\bazemke01","SF",0.475,0.221,1.2,14.8,8.1,14.4,-0.2,-0.3
"39","33","Kent Bazemore\bazemke01","SG",0.533,0.361,2.7,21.6,11.9,11.4,0.8,-0.1
"40","34","Darius Bazley\bazleda01","PF",0.497,0.196,3,20.5,12,11.6,1,0.1
"41","35","Bradley Beal\bealbr01","SG",0.579,0.351,2.7,10.5,6.4,11.4,5.1,2.5
"42","36","Malik Beasley\beaslma01","SG",0.546,0.124,1.6,11.9,6.7,9.2,1.2,0
"43","36","Malik Beasley\beaslma01","SG",0.511,0.126,1.4,10.2,5.8,10.2,0.5,-0.2
"44","36","Malik Beasley\beaslma01","SG",0.591,0.12,2,14.7,8.1,7.9,0.8,0.2
"45","37","Marco Belinelli\belinma01","SG",0.532,0.185,0.9,11.2,6,5.3,0.8,-0.2
"46","38","Jordan Bell\belljo01","C-PF",0.577,0.463,12,21.8,16.7,20.7,0.4,0
"47","38","Jordan Bell\belljo01","C",0.57,0.483,12.1,23.3,17.5,19.8,0.4,0
"48","38","Jordan Bell\belljo01","PF",0.635,0.286,10.2,4.9,7.5,27.6,0,0
"49","39","DeAndre' Bembry\bembrde01","SG",0.5,0.211,4,14.1,8.9,19.4,0.2,-0.1
"50","40","Dragan Bender\bendedr01","SF",0.545,0.152,5.9,21.1,13.5,17.6,0.3,-0.1
"51","40","Dragan Bender\bendedr01","SF",0.582,0.143,0,20.5,10.9,18.3,0.2,0
"52","40","Dragan Bender\bendedr01","SF",0.534,0.155,8.6,21.3,14.7,17.4,0.1,-0.1
"53","41","Dāvis Bertāns\bertada01","PF",0.628,0.2,2.3,15.1,8.5,8.2,3.5,1.1
"54","42","Patrick Beverley\beverpa01","PG",0.56,0.138,4.5,15.8,10.3,15.4,3.6,1.4
"55","43","Khem Birch\birchkh01","C",0.566,0.706,10.3,15.6,12.9,14.2,2.2,-0.1
"56","44","Goga Bitadze\bitadgo01","C",0.523,0.22,5.9,18.7,12.3,14.5,0.7,0
"57","45","Bismack Biyombo\biyombi01","C",0.57,0.543,12.3,20.7,16.3,12.2,2.4,-0.1
"58","46","Nemanja Bjelica\bjeline01","PF",0.602,0.129,6.1,19.9,12.8,12.5,5.3,1.9
"59","47","Eric Bledsoe\bledser01","PG",0.571,0.304,2.8,13.5,8.5,15.7,5.4,1.6
"60","48","Bogdan Bogdanović\bogdabo01","SG",0.565,0.151,1.6,11.8,6.6,11.1,3.1,1.2
"61","49","Bojan Bogdanović\bogdabo02","SF",0.603,0.296,2.1,11.2,6.8,13.1,4.2,1.1
"62","50","Bol Bol\bolbo01","SF",0.617,0.357,6.4,18,12.2,23.6,0.1,0
"63","51","Jonah Bolden\boldejo01","PF",0.392,0.364,7,14.3,10.6,13.6,0,-0.1
"64","51","Jonah Bolden\boldejo01","PF",0.515,0.667,0,7.9,3.9,34,0,0
"65","51","Jonah Bolden\boldejo01","PF",0.338,0.25,10,17,13.5,0,0,0
"66","52","Marques Bolden\boldema01","C",NA,NA,0,74.7,37,NA,0,0
"67","53","Jordan Bone\bonejo01","PG",0.3,0,0,8.7,4.3,9.1,-0.1,-0.1
"68","54","Isaac Bonga\bongais01","SF",0.608,0.363,6,13.8,9.7,17.6,1.8,-0.3
"69","55","Devin Booker\bookede01","SG",0.618,0.397,1.3,12,6.6,14.9,7.5,2.6
"70","56","Chris Boucher\bouchch01","PF",0.587,0.388,14.1,21.4,17.9,7.4,3.8,0.8
"71","57","Brian Bowen\bowenbr02","SG",0.3,0,3.6,21,12.4,9.1,-0.1,-0.1
"72","58","Ky Bowman\bowmaky01","PG",0.494,0.128,2.5,10.7,6.5,17.1,-0.1,-0.6
"73","59","Avery Bradley\bradlav01","SG",0.537,0.063,1.7,8.9,5.3,10.7,1.5,-0.2
"74","60","Tony Bradley\bradlto01","C",0.681,0.243,19.1,25,22.2,12.5,3.3,0.6
"75","61","Jarrell Brantley\brantja01","PF",0.416,0.071,2.4,19.9,11.5,19.5,0,-0.1
"76","62","Ignas Brazdeikis\brazdig01","SF",0.351,0.227,3.9,6.2,5,7.6,-0.1,-0.1
"77","63","Corey Brewer\breweco01","SG",0.47,0.75,6.7,21,13.6,27.3,0,0
"78","64","Mikal Bridges\bridgmi01","SF",0.62,0.252,3.5,12.4,7.9,12,4.8,1.5
"79","65","Miles Bridges\bridgmi02","SF",0.52,0.174,4.6,15.6,9.9,10.5,1.6,-0.3
"80","66","Oshae Brissett\brissos01","SF",0.458,0.278,7.2,13,10.2,14.8,0.1,-0.1
"81","67","Ryan Broekhoff\broekry01","SG",0.568,0.136,3,21.9,12.5,8.8,0.4,0.1
"82","68","Malcolm Brogdon\brogdma01","PG",0.541,0.25,3.1,14.1,8.6,13.7,4,1.6
"83","69","Dillon Brooks\brookdi01","SG",0.51,0.19,3.5,8.6,6.1,9.7,1.2,-1.1
"84","70","Bruce Brown\brownbr01","SG",0.518,0.266,4.2,15,9.5,16.7,2.1,0.3
"85","71","Charlie Brown\brownch02","SG",0.472,0.263,5.3,5.5,5.4,12.4,0,0
"86","72","Jaylen Brown\brownja02","SF",0.583,0.274,3.5,16.5,10.1,11.2,4.9,1.4
"87","73","Moses Brown\brownmo01","C",0.407,0.8,9.6,34.5,22.2,18.2,0,-0.1
"88","74","Sterling Brown\brownst02","SF",0.486,0.156,4.3,18.5,11.8,13.3,1.1,0
"89","75","Troy Brown Jr.\browntr01","SG",0.524,0.223,4.5,19.6,11.7,10.4,2.4,0.3
"90","76","Jalen Brunson\brunsja01","PG",0.553,0.193,2.3,11.3,6.9,13.6,2.1,0.3
"91","77","Thomas Bryant\bryanth01","C",0.649,0.278,9,23.1,15.8,10.2,3.9,1.2
"92","78","Reggie Bullock\bullore01","SG",0.502,0.094,2,8.8,5.3,7.5,0.5,-0.2
"93","79","Trey Burke\burketr01","PG",0.548,0.139,3.4,7,5.2,8.7,1.3,0.2
"94","79","Trey Burke\burketr01","PG",0.545,0.142,5,6.7,5.9,8.2,0.9,0.1
"95","79","Trey Burke\burketr01","PG",0.553,0.134,0.6,7.6,4.1,9.4,0.5,0.1
"96","80","Alec Burks\burksal01","SG",0.561,0.345,2.9,14.9,8.7,9.3,3.7,1.1
"97","80","Alec Burks\burksal01","SG",0.552,0.373,2.8,15.3,8.8,9.8,2.5,0.7
"98","80","Alec Burks\burksal01","SG",0.594,0.246,3.3,13.7,8.5,7.5,1.2,0.4
"99","81","Deonte Burton\burtode02","SG",0.396,0.112,2.2,15.1,8.8,12.7,-0.5,-0.4
"100","82","Jimmy Butler\butleji01","SF",0.585,0.693,6.3,15.4,11,11.4,9,3.7
"101","83","Bruno Caboclo\cabocbr01","C",0.484,0.101,10,15.8,12.9,12.3,0.4,0
"102","83","Bruno Caboclo\cabocbr01","C",0.441,0.043,9.5,14.5,12.1,9.1,0.2,0
"103","83","Bruno Caboclo\cabocbr01","C",0.618,0.3,12,20.3,16.1,20.9,0.2,0
"104","84","Devontae Cacok\cacokde01","C",0.5,0,24.6,36.1,30.4,0,0,0
"105","85","Kentavious Caldwell-Pope\caldwke01","SG",0.584,0.201,2.4,6.4,4.4,10.1,3.7,0.5
"106","86","Vlatko Čančar\cancavl01","SF",0.507,0.267,12.5,12.4,12.4,15.2,0.1,0
"107","87","Clint Capela\capelca01","C",0.626,0.268,13.6,30.5,22,12.7,4.9,1.1
"108","88","DeMarre Carroll\carrode01","SF-PF",0.515,0.636,4.4,15.8,10.1,16.8,0.3,-0.1
"109","88","DeMarre Carroll\carrode01","SF",0.437,0.69,5.6,19.2,12.4,20.9,-0.1,-0.2
"110","88","DeMarre Carroll\carrode01","PF",0.578,0.595,3.3,13,8.1,13,0.4,0
"111","89","Jevon Carter\carteje01","PG",0.563,0.111,3.5,10.5,6.9,11.2,1.8,0.6
"112","90","Vince Carter\cartevi01","SF",0.47,0.095,2.2,13.2,7.6,9.4,-0.2,-0.5
"113","91","Wendell Carter Jr.\cartewe01","C",0.59,0.443,11.6,24.6,17.8,14.9,3.3,-0.1
"114","92","Michael Carter-Williams\cartemi01","SG",0.535,0.365,5.8,13.5,9.5,14.7,1.9,0.5
"115","93","Alex Caruso\carusal01","PG",0.525,0.323,1.6,9.8,5.7,13.8,2.3,0.5
"116","94","Willie Cauley-Stein\caulewi01","C",0.589,0.219,8,23.3,15.5,10.8,2.9,0.7
"117","94","Willie Cauley-Stein\caulewi01","C",0.573,0.222,7.9,22,14.7,11,2.2,0.5
"118","94","Willie Cauley-Stein\caulewi01","C",0.684,0.2,8.8,31,20.1,9.3,0.7,0.2
"119","95","Tyson Chandler\chandty01","C",0.717,0.722,11.8,19.8,15.8,25.2,0.6,0
"120","96","Wilson Chandler\chandwi01","SF",0.531,0.126,1.6,18.5,10.2,15,0.7,-0.1
"121","97","Joe Chealey\chealjo01","PG",0.127,0.286,0,0,0,20.2,-0.1,-0.1
"122","98","Zylan Cheatham\cheatzy01","SF",0.667,0,6.2,12.5,9.4,30.8,0,-0.1
"123","99","Chris Chiozza\chiozch01","PG",0.499,0.036,2.4,11.6,6.9,18.4,0.5,0.1
"124","99","Chris Chiozza\chiozch01","PG",0.397,0,0,13.9,6.7,20.9,0,0
"125","99","Chris Chiozza\chiozch01","PG",0.531,0.047,3.4,10.6,7.1,17.5,0.5,0.1
"126","100","Marquese Chriss\chrisma01","PF",0.604,0.405,10,23.6,16.5,14.7,3.4,0.8
"127","101","Gary Clark\clarkga01","PF",0.568,0.075,6.8,14,10.3,6.8,1.2,0
"128","101","Gary Clark\clarkga01","PF",0.564,0.119,5.4,14.5,9.9,3.1,0.5,0.1
"129","101","Gary Clark\clarkga01","PF",0.571,0.041,7.6,13.8,10.6,9.6,0.6,-0.1
"130","102","Brandon Clarke\clarkbr01","PF",0.663,0.234,7.6,20.1,14,9.4,5,1.7
"131","103","Jordan Clarkson\clarkjo01","SG",0.574,0.19,3.3,8.7,6.1,9.4,3.4,1.3
"132","103","Jordan Clarkson\clarkjo01","SG",0.581,0.264,3.5,8.1,5.8,9.7,1.5,0.8
"133","103","Jordan Clarkson\clarkjo01","SG",0.569,0.146,3.2,9.1,6.3,9.2,1.9,0.5
"134","104","Nicolas Claxton\claxtni01","PF",0.577,0.438,10.7,13.6,12.2,13.6,0.5,0.1
"135","105","Chris Clemons\clemoch01","SG",0.548,0.077,1.4,9.4,5.4,11.5,0.4,0.1
"136","106","Antonius Cleveland\clevean01","SG",0.34,0.357,4.6,11.3,8,11,-0.1,-0.1
"137","107","Amir Coffey\coffeam01","SG",0.493,0.204,2.7,7.6,5.2,12,0.1,-0.1
"138","108","John Collins\collijo01","PF",0.659,0.248,9,24,16.4,10.1,4.9,1.7
"139","109","Zach Collins\colliza01","PF",0.538,0.118,9.1,15.7,12.4,16.4,0.3,-0.1
"140","110","Mike Conley\conlemi01","PG",0.537,0.245,2.8,9.2,6.1,12.8,2.5,0.8
"141","111","Pat Connaughton\connapa01","SG",0.565,0.133,5.1,16.8,11.3,14,3.4,0.8
"142","112","Quinn Cook\cookqu01","PG",0.509,0.065,2.4,8.5,5.5,13,0.3,-0.2
"143","113","Tyler Cook\cookty01","PF",0.741,0.667,12.3,16.6,14.4,16.2,0.2,0
"144","113","Tyler Cook\cookty01","PF",0.752,0.6,12.6,19.2,15.9,7.3,0.2,0
"145","113","Tyler Cook\cookty01","PF",0.694,1,11.8,11.8,11.8,41,0,0
"146","114","Robert Covington\covinro01","PF-C",0.559,0.172,3,20.2,11.4,11.7,3.7,1.1
"147","114","Robert Covington\covinro01","PF",0.572,0.19,2.6,19.5,10.7,12,2.3,0.7
"148","114","Robert Covington\covinro01","C",0.531,0.132,3.9,21.7,12.7,11.1,1.4,0.4
"149","115","Allen Crabbe\crabbal01","SG",0.47,0.079,1.8,11,6.3,8.5,-0.1,-0.5
"150","115","Allen Crabbe\crabbal01","SG",0.482,0.084,2,11.5,6.7,7.5,0.1,-0.3
"151","115","Allen Crabbe\crabbal01","SG",0.416,0.059,0.8,9.2,4.8,12.5,-0.2,-0.3
"152","116","Torrey Craig\craigto01","SF",0.553,0.134,6.6,13.2,9.9,8.1,2,-0.1
"153","117","Jamal Crawford\crawfja01","SG",0.625,0,0,0,0,0,0.1,0
"154","118","Jae Crowder\crowdja01","SF",0.553,0.222,3,18.5,11,10,3.8,0.9
"155","118","Jae Crowder\crowdja01","SF",0.507,0.238,3.2,18.5,11,10.9,1.9,0.3
"156","118","Jae Crowder\crowdja01","SF",0.669,0.183,2.5,18.5,10.8,7.8,1.9,0.6
"157","119","Jarrett Culver\culveja01","SG",0.467,0.206,4.7,10.3,7.4,11.5,-0.1,-0.8
"158","120","Seth Curry\curryse01","SG",0.643,0.169,1.8,7.8,4.8,9.1,4.3,1.2
"159","121","Stephen Curry\curryst01","PG",0.557,0.317,3,17.8,10.1,14.6,0.3,0.2
"160","122","Troy Daniels\danietr01","SG",0.518,0.086,2.5,8.2,5.4,5.9,0.6,-0.1
"161","122","Troy Daniels\danietr01","SG",0.527,0.101,2.9,8.1,5.5,5.2,0.7,0
"162","122","Troy Daniels\danietr01","SG",0.464,0,0,8.8,4.4,9.7,0,-0.1
"163","123","Anthony Davis\davisan02","PF",0.61,0.479,7.4,22.1,14.8,10.4,11.1,5.4
"164","124","Ed Davis\davised01","C",0.489,0.304,13.2,24.6,19.1,20,0.6,-0.1
"165","125","Terence Davis\daviste02","SG",0.588,0.135,4.5,16,10.3,14.1,3.1,0.8
"166","126","Dewayne Dedmon\dedmode01","C",0.473,0.141,8.5,27.6,17.8,17.4,0.1,-0.7
"167","126","Dewayne Dedmon\dedmode01","C",0.477,0.164,9.3,25.8,17.4,20.4,-0.1,-0.6
"168","126","Dewayne Dedmon\dedmode01","C",0.463,0.095,6.4,31.8,18.9,10.3,0.2,-0.1
"169","127","Matthew Dellavedova\dellama01","PG",0.463,0.211,2.4,7.8,5.1,23.6,0.2,-0.7
"170","128","DeMar DeRozan\derozde01","SF",0.603,0.43,2,15.4,8.7,11.6,7.3,2.3
"171","129","Cheick Diallo\diallch01","C",0.688,0.275,6.9,23.7,15.2,16.7,1.3,0.1
"172","130","Hamidou Diallo\diallha01","SF",0.491,0.213,5.6,14.7,10.3,13.6,0.4,-0.4
"173","131","Gorgui Dieng\dienggo01","C",0.568,0.277,8.5,25.8,17,12.8,2.9,1
"174","131","Gorgui Dieng\dienggo01","C",0.563,0.213,9.5,25.8,17.4,12.7,2.1,0.7
"175","131","Gorgui Dieng\dienggo01","C",0.583,0.483,6.1,26,16.2,13.2,0.9,0.2
"176","132","Spencer Dinwiddie\dinwisp01","SG",0.541,0.437,1.7,9.6,5.7,12.5,4.8,1.9
"177","133","Donte DiVincenzo\divindo01","SG",0.557,0.169,4.6,15.5,10.3,14.1,4.3,1.3
"178","134","Luka Dončić\doncilu01","PG",0.585,0.448,4.1,25,14.7,14.8,8.8,5.4
"179","135","Luguentz Dort\dortlu01","SG",0.506,0.243,3.3,7.5,5.5,8.4,0.8,-0.4
"180","136","Damyean Dotson\dotsoda01","SG",0.527,0.114,1.2,10.6,5.8,6.5,0.9,0.1
"181","137","Sekou Doumbouya\doumbse01","SF",0.474,0.195,3,14.9,8.9,12,-0.3,-0.9
"182","138","PJ Dozier\doziepj01","PG",0.495,0.185,2.7,12.2,7.5,13.7,0.4,-0.2
"183","139","Goran Dragić\dragigo01","PG",0.573,0.34,2,10.2,6.3,14.8,3.5,0.8
"184","140","Andre Drummond\drumman01","C",0.553,0.375,14.9,37.5,26,18.2,4.2,1.4
"185","140","Andre Drummond\drumman01","C",0.55,0.376,15.3,38.2,26.6,18,4,1.3
"186","140","Andre Drummond\drumman01","C",0.573,0.371,11.7,32.4,22,19.2,0.3,0.1
"187","141","Jared Dudley\dudleja01","SF",0.558,0.033,1.8,13.7,7.8,11.6,0.8,0.1
"188","142","Kris Dunn\dunnkr01","PG",0.51,0.158,1.9,14.9,8.1,15.7,2.3,0.4
"189","143","Carsen Edwards\edwarca01","SG",0.444,0.148,1.9,12.4,7.2,9.9,0.1,-0.2
"190","144","Henry Ellenson\ellenhe01","PF",0.143,0,14.1,27,20.7,0,-0.1,0
"191","145","Wayne Ellington\ellinwa01","SG",0.509,0.075,0.7,12,6.2,9.1,0.4,-0.1
"192","146","Joel Embiid\embiijo01","C",0.59,0.543,10.3,33.2,21.7,13.8,6,2.5
"193","147","James Ennis\ennisja01","SF",0.565,0.273,6.1,15.3,10.6,12.6,2.4,-0.2
"194","147","James Ennis\ennisja01","SF",0.564,0.27,6.8,14.5,10.7,10.9,1.7,0.1
"195","147","James Ennis\ennisja01","SF",0.566,0.278,4.9,16.4,10.5,15.3,0.7,-0.3
"196","148","Drew Eubanks\eubandr01","PF",0.682,0.388,11.1,22.6,16.8,21.1,0.8,0
"197","149","Jacob Evans\evansja02","SG",0.436,0.216,2.3,8.6,5.3,14.6,-0.5,-0.5
"198","149","Jacob Evans\evansja02","SG",0.439,0.218,2.3,8.7,5.4,14.6,-0.5,-0.5
"199","149","Jacob Evans\evansja02","SG",0,0,0,0,0,0,0,0
"200","150","Dante Exum\exumda01","SG",0.576,0.361,2.7,12.6,7.7,18.4,0.4,-0.1
"201","150","Dante Exum\exumda01","SG",0.503,0.087,4.1,11.5,8,29.5,-0.1,-0.1
"202","150","Dante Exum\exumda01","SG",0.592,0.427,2.5,12.8,7.6,15.6,0.5,0
"203","151","Tacko Fall\fallta01","C",0.751,0.214,3.3,44.9,24.3,16.4,0.2,0.1
"204","152","Derrick Favors\favorde01","C",0.62,0.209,13.9,28.9,21.4,12.9,4.2,0.9
"205","153","Cristiano Felício\feliccr01","PF",0.671,0.426,15,14.1,14.6,21.9,1,-0.1
"206","154","Terrance Ferguson\fergute01","SF",0.481,0.091,2.1,4.4,3.3,11.9,0.6,-0.8
"207","155","Bruno Fernando\fernabr01","C",0.542,0.256,10,20,15,15.9,0.8,-0.4
"208","156","Yogi Ferrell\ferreyo01","PG",0.528,0.223,1.2,9.4,5.2,11.9,0.7,0
"209","157","Dorian Finney-Smith\finnedo01","PF",0.595,0.207,7.3,12.7,10,10.8,4.9,0.9
"210","158","Bryn Forbes\forbebr01","SG",0.57,0.155,0.8,7.8,4.3,8.4,1.5,-0.3
"211","159","Evan Fournier\fournev01","SG",0.595,0.237,0.9,8.2,4.4,10.9,4.6,1.6
"212","160","De'Aaron Fox\foxde01","PG",0.558,0.42,2.4,11.4,6.8,14.1,4,1.6
"213","161","Melvin Frazier\frazime01","SG",0.559,0.118,1.7,7.1,4.3,12.3,0.2,0
"214","162","Michael Frazier\frazimi01","SG",0.384,0.483,0.7,6.6,3.6,12.5,-0.2,-0.3
"215","163","Tim Frazier\fraziti01","PG",0.464,0.255,2.8,7.8,5.3,25.6,0.1,-0.2
"216","164","Markelle Fultz\fultzma01","PG",0.517,0.206,2.1,11,6.4,14.9,2.7,0.1
"217","165","Wenyen Gabriel\gabriwe01","PF",0.546,0.458,9.5,13.9,11.7,21.7,0.2,-0.1
"218","165","Wenyen Gabriel\gabriwe01","PF",0.444,0.588,7.2,11.3,9.2,18.9,0,0
"219","165","Wenyen Gabriel\gabriwe01","PF",0.606,0.387,10.3,14.9,12.6,23.3,0.3,-0.1
"220","166","Daniel Gafford\gaffoda01","C",0.686,0.448,9,10.3,9.6,15.3,1.9,0.1
"221","167","Danilo Gallinari\gallida01","PF",0.612,0.365,2.1,16.8,9.7,7.4,6.3,2.4
"222","168","Langston Galloway\gallola01","SG",0.584,0.157,2.2,7.8,5,6.5,3.1,0.5
"223","169","Darius Garland\garlada01","PG",0.498,0.103,1.6,5.2,3.4,17.1,-1.3,-1.7
"224","170","Marc Gasol\gasolma01","C",0.551,0.176,2.9,21.7,12.5,16.4,3,1.1
"225","171","Rudy Gay\gayru01","PF",0.553,0.228,4.5,22.2,13.4,11.8,2.1,0.4
"226","172","Paul George\georgpa01","SF",0.589,0.277,1.8,17.7,10,12.5,4.8,2.5
"227","173","Taj Gibson\gibsota01","C",0.61,0.196,11.2,16.7,13.9,13.1,2.6,0.2
"228","174","Harry Giles\gilesha01","PF",0.58,0.195,7.1,25.1,15.9,13.9,1.6,0.1
"229","175","Shai Gilgeous-Alexander\gilgesh01","SG",0.568,0.352,2.2,16.1,9.4,10.3,6.1,2.2
"230","176","Rudy Gobert\goberru01","C",0.699,0.724,11.2,31.3,21.6,15,10.7,3.3
"231","177","Brandon Goodwin\goodwbr01","PG",0.507,0.158,2.7,15.5,9,12.5,0.1,-0.1
"232","178","Aaron Gordon\gordoaa01","PF",0.516,0.292,5.5,20.3,12.7,10.4,3.7,1
"233","179","Eric Gordon\gordoer01","SF",0.51,0.231,0.9,6.5,3.7,7.8,0.5,-0.5
"234","180","Devonte' Graham\grahade01","PG",0.537,0.242,2,8.7,5.2,14.5,3.4,1.4
"235","181","Treveon Graham\grahatr01","SG",0.456,0.231,5.7,11.7,8.6,9.8,0.2,-0.8
"236","181","Treveon Graham\grahatr01","SG",0.447,0.211,4.5,11.7,8,9,0.1,-0.6
"237","181","Treveon Graham\grahatr01","SG",0.478,0.284,8.8,11.5,10.1,11.7,0.1,-0.2
"238","182","Jerami Grant\grantje01","PF",0.591,0.309,3.4,11.2,7.3,8,4.4,0.7
"239","183","Jerian Grant\grantje02","PG",0.449,0.259,2.6,5.7,4.1,9.1,0,-0.1
"240","184","Josh Gray\grayjo01","PG",0.5,0,4.6,4.6,4.6,71.4,-0.1,-0.1
"241","185","Danny Green\greenda02","SG",0.552,0.101,3.3,11.2,7.3,11.3,3.4,1.1
"242","186","Draymond Green\greendr01","PF",0.489,0.263,2,22.3,11.8,21.8,1.1,0.6
"243","187","JaMychal Green\greenja01","PF",0.576,0.136,6.3,24.1,15.4,12.6,3.1,0.5
"244","188","Javonte Green\greenja02","SF",0.564,0.333,5.6,15.6,10.6,13.7,1.1,0.2
"245","189","Jeff Green\greenje02","PF-C",0.59,0.265,2.7,12,7.5,9.9,2.1,0.5
"246","189","Jeff Green\greenje02","PF",0.523,0.323,2.9,12.9,8.1,10.8,0.5,0
"247","189","Jeff Green\greenje02","C",0.682,0.188,2.6,10.9,6.7,8.5,1.5,0.5
"248","190","Blake Griffin\griffbl01","PF",0.476,0.392,3.7,15,9.3,12,-0.1,-0.3
"249","191","Marko Guduric\gudurma01","SG",0.514,0.166,3.1,12.6,7.9,17.6,0.1,-0.2
"250","192","Kyle Guy\guyky01","SG",0.4,0,0,11.5,5.6,0,0,0
"251","193","Rui Hachimura\hachiru01","PF",0.535,0.257,5.7,17,11.1,8,1.8,-0.4
"252","194","Devon Hall\hallde01","SG",0.298,0.267,2.8,6.6,4.8,13,-0.2,-0.1
"253","195","Donta Hall\halldo01","PF",0.652,0.818,11.4,19.2,15.4,14.3,0.4,-0.1
"254","195","Donta Hall\halldo01","PF",0.452,1.5,14,21.6,17.7,23.1,0.1,-0.1
"255","195","Donta Hall\halldo01","PF",0.709,0.667,9.9,17.9,14,11.4,0.3,0
"256","196","Dusty Hannahs\hannadu01","SG",0.607,0.222,0,8,4.1,0,0,0
"257","197","Tim Hardaway Jr.\hardati02","SG",0.581,0.206,1.3,10.2,5.8,6.7,4.4,1
"258","198","James Harden\hardeja01","SG",0.626,0.528,2.9,16,9.4,14.2,13.1,7.3
"259","199","Maurice Harkless\harklma01","SF",0.572,0.233,4.1,13.3,8.8,14.5,2.7,0.5
"260","199","Maurice Harkless\harklma01","SF",0.584,0.194,4.4,13.6,9.1,16.3,2.3,0.6
"261","199","Maurice Harkless\harklma01","SF",0.536,0.364,2.9,12.3,7.5,8.4,0.4,-0.1
"262","200","Jared Harper\harpeja01","PG",0.25,0,0,0,0,0,0,0
"263","201","Montrezl Harrell\harremo01","C",0.607,0.432,9.9,16.3,13.2,10.1,7,2.2
"264","202","Gary Harris\harriga01","SG",0.519,0.177,1.6,8.6,5.1,9.7,1.9,-0.2
"265","203","Joe Harris\harrijo01","SF",0.606,0.114,3.2,11.2,7.3,11.2,4.3,1
"266","204","Tobias Harris\harrito02","PF",0.556,0.184,3.1,19.1,11.1,7.6,6.2,1.8
"267","205","Shaquille Harrison\harrish01","SF",0.559,0.303,4.8,15.3,9.8,9.2,1.5,0.6
"268","206","Josh Hart\hartjo01","SF",0.563,0.216,3.7,22.1,12.8,11.4,3.1,0.6
"269","207","Isaiah Hartenstein\harteis01","C",0.674,0.418,11.3,24.3,17.7,16.8,1.1,0.2
"270","208","Udonis Haslem\hasleud01","PF",0.47,0.364,2.6,36.7,20.3,7.3,0,-0.1
"271","209","Jaxson Hayes\hayesja02","C",0.689,0.734,9.5,16,12.7,13.4,3.9,0.5
"272","210","Gordon Hayward\haywago01","SF",0.595,0.207,3.4,17.8,10.7,11.2,5.7,2
"273","211","John Henson\hensojo01","PF",0.578,0.269,8.5,21.8,15.1,15.8,1.4,0.4
"274","211","John Henson\hensojo01","PF",0.539,0.275,8.5,22.3,15.4,13.5,0.9,0.3
"275","211","John Henson\hensojo01","PF",0.67,0.255,8.3,20.8,14.5,20.9,0.4,0.1
"276","212","Dewan Hernandez\hernade01","C",0.432,0.357,19.3,33.2,26.4,15.6,0,-0.1
"277","213","Juan Hernangómez\hernaju01","PF",0.518,0.287,5.6,20.5,12.8,10.3,0.9,-0.3
"278","213","Juan Hernangómez\hernaju01","PF",0.442,0.227,6.4,18.8,12.6,12.9,0.1,-0.3
"279","213","Juan Hernangómez\hernaju01","PF",0.576,0.336,4.7,22.1,13.1,8.2,0.8,0.1
"280","214","Willy Hernangómez\hernawi01","C",0.576,0.424,12.1,27.5,19.5,15.4,0.8,0.2
"281","215","Tyler Herro\herroty01","SG",0.55,0.158,1.2,14.9,8.3,11.4,1.6,0.1
"282","216","Kevin Hervey\herveke01","PF",0.315,0,2.2,22.7,12.7,0,-0.1,0
"283","217","Mario Hezonja\hezonma01","PF",0.525,0.271,3.6,18.3,11,14.7,0.8,-0.2
"284","218","Buddy Hield\hieldbu01","SG",0.566,0.117,2.8,14.1,8.3,12.1,3,1.7
"285","219","George Hill\hillge01","PG",0.659,0.269,4.1,9.3,6.9,11.9,5.5,1.6
"286","220","Solomon Hill\hillso01","SF",0.535,0.194,2.9,13,8.1,14.5,1.4,0.1
"287","220","Solomon Hill\hillso01","SF",0.549,0.163,2.9,13.8,8.4,13.8,1.4,0.1
"288","220","Solomon Hill\hillso01","SF",0.471,0.356,3.1,9.2,6.3,17.4,0.1,0
"289","221","Jaylen Hoard\hoardja01","SF",0.504,0.406,14.4,18.1,16.2,9.6,0.2,0
"290","222","Aaron Holiday\holidaa01","PG",0.521,0.155,1.5,9,5.3,12.8,2.1,0.2
"291","223","Jrue Holiday\holidjr01","SG",0.537,0.181,3.8,10.9,7.3,14.5,3.9,2
"292","224","Justin Holiday\holidju01","SG",0.585,0.138,1.9,12.2,7.1,7.9,4.2,1.5
"293","225","Rondae Hollis-Jefferson\holliro01","SF",0.533,0.435,10.6,15.9,13.3,13.1,3.4,0.6
"294","226","Richaun Holmes\holmeri01","C",0.681,0.343,11.2,21.5,16.2,11.6,4.9,0.9
"295","227","Rodney Hood\hoodro01","SF",0.625,0.157,1.7,10.4,6.1,9.4,1.1,0.2
"296","228","Al Horford\horfoal01","C",0.536,0.113,5.6,19.3,12.4,9.7,5.4,2.2
"297","229","Talen Horton-Tucker\hortota01","SG",0.535,0.133,2.7,6.7,4.7,15.9,0.1,0
"298","230","Danuel House\houseda01","SF",0.572,0.167,3.1,11.6,7.3,8.5,3.6,0.6
"299","231","Dwight Howard\howardw01","C",0.696,0.773,14.6,27.8,21.2,18.5,5.4,0.7
"300","232","William Howard\howarwi01","PF",0,0,0,16.3,8.1,20,-0.1,-0.1
"301","233","Kevin Huerter\huertke01","SG",0.536,0.105,2.1,12,7,12,1.6,0.2
"302","234","De'Andre Hunter\huntede01","SF",0.521,0.211,2.3,13.1,7.6,12.1,0.1,-1.4
"303","235","Chandler Hutchison\hutchch01","SF",0.521,0.446,3.6,19.8,11.3,11.4,0.7,-0.1
"304","236","Serge Ibaka\ibakase01","C",0.583,0.185,8.3,23.5,16.1,13.1,3.9,0.8
"305","237","Andre Iguodala\iguodan01","SG",0.507,0.17,4.7,15.7,10.4,21.6,0.6,0.2
"306","238","Ersan İlyasova\ilyaser01","PF",0.589,0.278,6.6,22.7,15.1,8.8,3.6,0.6
"307","239","Joe Ingles\inglejo01","SF",0.595,0.17,1.4,12.5,7.2,19.3,4.8,1.5
"308","240","Brandon Ingram\ingrabr01","PF",0.587,0.336,2.6,16.6,9.6,13.1,5.1,2.2
"309","241","Kyrie Irving\irvinky01","PG",0.595,0.245,3.5,12.5,8.1,10.1,2.9,1.6
"310","242","Jonathan Isaac\isaacjo01","SF",0.552,0.232,6.2,19.6,12.7,11.8,2.5,1.1
"311","243","Wesley Iwundu\iwundwe01","SF",0.544,0.416,2.6,12.5,7.4,8.6,1.7,-0.2
"312","244","Frank Jackson\jacksfr01","PG",0.51,0.227,2.9,8.1,5.5,11.9,0.2,-0.7
"313","245","Jaren Jackson Jr.\jacksja02","C",0.593,0.247,3.6,13.2,8.5,10.6,3.5,1
"314","246","Josh Jackson\jacksjo02","SG",0.547,0.314,3.1,14.9,9.1,13.4,0.5,0.2
"315","247","Justin Jackson\jacksju01","PF",0.496,0.147,2.7,12.6,7.7,3.7,1.2,-0.4
"316","248","Reggie Jackson\jacksre01","PG",0.529,0.166,2.5,10.8,6.7,12.7,1.1,0.3
"317","248","Reggie Jackson\jacksre01","PG",0.492,0.167,3.2,9.1,6.1,9.8,0.4,0.1
"318","248","Reggie Jackson\jacksre01","PG",0.587,0.164,1.8,12.6,7.3,16.9,0.8,0.2
"319","249","Justin James\jamesju01","SG",0.477,0.25,2.8,12.9,7.8,7.9,0.1,0
"320","250","LeBron James\jamesle01","PG",0.577,0.292,3.2,21.5,12.4,15.1,9.8,6.1
"321","251","Amile Jefferson\jeffeam01","PF",0.372,1,14.1,19.5,16.7,13,0,-0.1
"322","252","DaQuan Jeffries\jeffrda01","SG",0.586,0.15,2.3,12.3,7.2,4.5,0.3,-0.1
"323","253","Ty Jerome\jeromty01","PG",0.425,0.142,2.3,13.4,7.8,13,0,-0.2
"324","254","Alize Johnson\johnsal02","SF",0.509,0.345,15,29.4,22.3,17.3,0.3,0
"325","255","B.J. Johnson\johnsbj01","SF",0.412,0.313,3.8,16.1,9.7,14.2,-0.1,-0.1
"326","256","Cameron Johnson\johnsca02","PF",0.586,0.141,4.3,12.4,8.3,6.9,2.7,0.7
"327","257","James Johnson\johnsja01","PF",0.572,0.223,4.3,16.3,10.3,16.9,1.1,0.3
"328","257","James Johnson\johnsja01","PF",0.547,0.161,3.3,16.9,10.4,13.9,0.4,0
"329","257","James Johnson\johnsja01","PF",0.588,0.266,5.1,15.9,10.3,18.8,0.8,0.3
"330","258","Keldon Johnson\johnske04","SF",0.711,0.494,3.6,16.8,10.2,10.7,1.1,0.3
"331","259","Stanley Johnson\johnsst04","PF",0.454,0.271,5,20.6,13,18.5,0,0
"332","260","Tyler Johnson\johnsty01","SG",0.504,0.2,2.7,8.9,5.8,9.6,0.7,-0.2
"333","260","Tyler Johnson\johnsty01","SG",0.481,0.187,2.1,9.2,5.6,11.5,0.2,-0.2
"334","260","Tyler Johnson\johnsty01","SG",0.552,0.228,4.4,8.4,6.4,5.4,0.6,0
"335","261","Nikola Jokić\jokicni01","C",0.605,0.281,8,26.1,17.1,15.8,9.8,5.5
"336","262","Damian Jones\jonesda03","C",0.712,0.472,8.9,16.2,12.5,11.5,2.8,0.1
"337","263","Derrick Jones Jr.\jonesde02","SF",0.62,0.352,5.6,13.1,9.5,6.9,4.4,1
"338","264","Tyus Jones\jonesty01","PG",0.532,0.135,0.8,7.9,4.4,10.8,3,0.8
"339","265","DeAndre Jordan\jordade01","C",0.682,0.425,12.1,34.5,23.5,17.8,5.2,1.5
"340","266","Cory Joseph\josepco01","PG",0.517,0.17,2.7,9.4,6,15.3,2.3,0
"341","267","Mfiondu Kabengele\kabenmf01","C",0.614,0.156,1.7,15.8,8.9,5.5,0.2,0.1
"342","268","Frank Kaminsky\kaminfr01","C",0.545,0.293,4.9,20.4,12.6,9.6,1.4,0.3
"343","269","Enes Kanter\kanteen01","C",0.599,0.284,18,28.9,23.5,12.5,4.4,0.9
"344","270","Luke Kennard\kennalu01","SG",0.589,0.219,1.1,11.1,6,10.3,1.9,0.4
"345","271","Stanton Kidd\kiddst01","SF",0,0,0,21.3,11,40,-0.1,-0.1
"346","272","Michael Kidd-Gilchrist\kiddgmi01","SF-PF",0.416,0.212,5.3,20.4,12.8,18.1,-0.2,-0.4
"347","272","Michael Kidd-Gilchrist\kiddgmi01","PF",0.421,0.17,5.9,18.4,11.9,10.9,-0.1,-0.2
"348","272","Michael Kidd-Gilchrist\kiddgmi01","SF",0.395,0.385,4.4,23.1,13.9,37.2,-0.1,-0.2
"349","273","Louis King\kinglo02","SF",0.448,0.143,1.8,16.7,9.2,8.2,0,-0.1
"350","274","Maxi Kleber\klebima01","C",0.605,0.181,6.3,15.1,10.8,9.5,4.8,1.1
"351","275","Brandon Knight\knighbr03","PG",0.503,0.204,1,9.1,5,17.3,-0.1,-0.3
"352","275","Brandon Knight\knighbr03","PG",0.431,0.151,1.4,7.9,4.6,14.9,-0.3,-0.3
"353","275","Brandon Knight\knighbr03","PG",0.576,0.259,0.5,10.4,5.4,19.6,0.2,0
"354","276","Kevin Knox\knoxke01","SF",0.47,0.252,2.5,14.7,8.4,9.2,0.2,-0.7
"355","277","John Konchar\konchjo01","SG",0.713,0.054,10.7,16.6,13.7,15.6,0.7,0.3
"356","278","Furkan Korkmaz\korkmfu01","SG",0.579,0.181,1.3,10.6,6,8.8,2.8,0.3
"357","279","Luke Kornet\kornelu01","C",0.539,0.15,4.1,12.9,8.3,6.6,1.1,0.1
"358","280","Kyle Korver\korveky01","SF",0.62,0.14,1.6,10.4,6.3,13.4,2.5,0.5
"359","281","Rodions Kurucs\kurucro01","PF",0.555,0.215,3.9,16.6,10.4,19.2,0.8,-0.1
"360","282","Kyle Kuzma\kuzmaky01","PF",0.531,0.232,3.8,15.7,9.8,11,2,-0.2
"361","283","Skal Labissière\labissk01","C",0.588,0.224,12.1,19,15.6,15.7,1.4,0.1
"362","284","Jeremy Lamb\lambje01","SG",0.547,0.23,2.1,14.8,8.5,8.7,2.7,0.5
"363","285","Romeo Langford\langfro01","SG",0.434,0.313,4.4,7.4,5.9,10.8,0.2,-0.3
"364","286","Zach LaVine\lavinza01","SG",0.568,0.279,2.1,13.8,7.7,13.3,4,2.4
"365","287","Vic Law\lawvi01","SF",0.363,0.333,3.4,16.2,9.6,8.8,-0.1,-0.1
"366","288","Jake Layman\laymaja01","PF",0.544,0.179,3.4,8.7,6,11.1,0.3,-0.2
"367","289","T.J. Leaf\leaftj01","PF",0.451,0.186,11.5,23.5,17.5,7.9,0.3,0
"368","290","Jalen Lecque\lecquja01","PG",0.46,0.2,0,7,3.5,15.5,0,-0.1
"369","291","Courtney Lee\leeco01","SG",0.629,0.085,2.2,7.5,4.9,11.4,0.7,0.1
"370","292","Damion Lee\leeda03","SG",0.548,0.247,2.4,16.3,9.1,10.6,1.7,-0.1
"371","293","Alex Len\lenal01","C",0.6,0.329,11.1,25.2,18,13.1,2.5,0.3
"372","293","Alex Len\lenal01","C",0.59,0.312,9.8,23.6,16.6,11.7,1.8,0.3
"373","293","Alex Len\lenal01","C",0.64,0.407,15.1,30.8,22.8,18.7,0.7,0
"374","294","Kawhi Leonard\leonaka01","SF",0.589,0.355,3.1,19.1,11.3,10.2,8.7,5.1
"375","295","Meyers Leonard\leoname01","C",0.627,0.12,3.4,24,14.1,13.7,2.1,0.3
"376","296","Caris LeVert\leverca01","SG",0.514,0.269,3.9,10.7,7.4,12.6,1.5,0.5
"377","297","Damian Lillard\lillada01","PG",0.627,0.384,1.4,10.5,6,11,11.6,5.9
"378","298","Nassir Little\littlna01","PF",0.505,0.291,5.7,13.9,9.9,8.1,0.6,-0.2
"379","299","Kevon Looney\looneke01","C",0.403,0.152,11.2,16.3,13.6,12.5,0,-0.2
"380","300","Brook Lopez\lopezbr01","C",0.551,0.227,3.4,13,8.5,8.7,5.5,1.9
"381","301","Robin Lopez\lopezro01","C",0.554,0.177,6.2,10.2,8.3,16.4,1.5,-0.2
"382","302","Kevin Love\loveke01","PF",0.599,0.301,3.3,31.1,17.1,14.5,3.8,1.8
"383","303","Kyle Lowry\lowryky01","PG",0.59,0.427,1.6,12.8,7.3,15.7,7.5,2.8
"384","304","Timothé Luwawu-Cabarrot\luwawti01","SG",0.599,0.301,3.6,11.6,7.7,10.8,1.7,-0.1
"385","305","Trey Lyles\lylestr01","PF",0.557,0.131,6,24.6,15.3,9.7,2.2,0.3
"386","306","Daryl Macon\maconda01","SG",0.5,0,0,0,0,40,0,0
"387","307","J.P. Macura\macurjp01","SG",NA,NA,0,0,0,NA,0,0
"388","308","Josh Magette\magetjo01","PG",0.378,0.133,2.7,14.6,8.5,23.9,-0.1,0
"389","309","Ian Mahinmi\mahinia01","C",0.545,0.538,10.1,19.7,14.7,14.8,1.4,-0.2
"390","310","Thon Maker\makerth01","C",0.582,0.57,7.8,16.7,12.2,15.7,1.5,0.1
"391","311","Terance Mann\mannte01","SG",0.545,0.342,2.9,12.6,7.9,16.5,0.8,0
"392","312","Boban Marjanović\marjabo01","C",0.612,0.27,16.6,32.1,24.5,11.3,1.8,0.3
"393","313","Lauri Markkanen\markkla01","PF",0.56,0.259,4.2,19.7,11.6,11,2.6,0.5
"394","314","Caleb Martin\martica02","SF",0.595,0.25,3.3,10,6.5,13.9,0.5,0.1
"395","315","Cody Martin\martico01","SF",0.505,0.314,4.4,15.1,9.6,15.7,1,0
"396","316","Jeremiah Martin\martije02","PG",0.541,0.264,1.1,9.2,5.2,6.3,0.4,0.1
"397","317","Kelan Martin\martike03","SF",0.506,0.171,2.5,18.6,10.2,9.3,0.2,-0.3
"398","318","Frank Mason III\masonfr01","PG",0.53,0.333,4.5,11.1,8,15.8,0.4,0.1
"399","319","Garrison Mathews\mathega01","SG",0.691,0.607,2.8,9,5.8,10.1,0.6,0.1
"400","320","Wesley Matthews\matthwe02","SG",0.547,0.161,1.4,8.2,5,8.7,3.2,0.1
"401","321","Luc Mbah a Moute\mbahalu01","PF",0.425,0.4,4.2,4.2,4.2,14.5,0,0
"402","322","Patrick McCaw\mccawpa01","SF",0.5,0.111,2.3,7.6,5,14.6,1.4,0
"403","323","CJ McCollum\mccolcj01","SG",0.541,0.136,1.9,10.2,6.1,8.1,4.1,1.6
"404","324","T.J. McConnell\mccontj01","PG",0.54,0.102,3.2,12.4,7.8,18.9,3.3,0.8
"405","325","Jalen McDaniels\mcdanja01","PF",0.574,0.243,5.4,19.4,12.1,12.4,0.5,-0.1
"406","326","Doug McDermott\mcderdo01","PF",0.62,0.106,2.1,11.7,7,6.8,3.3,0.7
"407","327","JaVale McGee\mcgeeja01","C",0.652,0.268,12.2,25.4,18.9,13.9,4.7,1
"408","328","Rodney McGruder\mcgruro01","SG",0.477,0.188,3.6,14.2,9,10.9,1,-0.2
"409","329","Alfonzo McKinnie\mckinal01","SF",0.493,0.181,6.9,14.4,10.6,12.3,0.2,-0.5
"410","330","Jordan McLaughlin\mclaujo01","PG",0.587,0.219,1.2,7.8,4.4,13.7,1.6,0.3
"411","331","Ben McLemore\mclembe01","SG",0.622,0.123,1.3,8.9,5.1,8,3.3,0.6
"412","332","Jordan McRae\mcraejo01","SG",0.515,0.298,2.4,15.4,8.7,9.4,0.7,0.1
"413","332","Jordan McRae\mcraejo01","SG",0.523,0.262,2.7,15.1,8.7,9.7,0.7,0.3
"414","332","Jordan McRae\mcraejo01","SG",0.58,0.667,3.5,14,8.8,0,0.1,0
"415","332","Jordan McRae\mcraejo01","SG",0.446,0.512,0,17.6,8.7,8.7,-0.1,-0.2
"416","333","Nicolò Melli\mellini01","C",0.556,0.226,3.9,14.5,9.2,11.5,1.8,0.2
"417","334","De'Anthony Melton\meltode01","PG",0.501,0.302,4,15.7,9.9,15.6,1.7,0.5
"418","335","Chimezie Metu\metuch01","PF",0.608,0.31,12.3,21.6,16.9,17.3,0.3,0.1
"419","336","Khris Middleton\middlkh01","SF",0.619,0.24,2.5,17,10.2,11.6,7.9,2.9
"420","337","Eric Mika\mikaer01","PF",0.773,0.667,11.6,30.4,20.7,0,0.1,0
"421","338","C.J. Miles\milescj01","SG",0.472,0.339,2.6,5.7,4.1,5.6,0.1,0
"422","339","Malcolm Miller\millema01","SF",0.538,0.276,1.3,8.9,5.2,11,0.3,0
"423","340","Patty Mills\millspa02","PG",0.592,0.187,1.6,6.2,3.9,7.7,2.8,0.8
"424","341","Paul Millsap\millspa01","PF",0.591,0.322,8.9,17.6,13.2,12.3,3.5,0.7
"425","342","Shake Milton\miltosh01","SG",0.617,0.235,2.1,10,6,13.3,2.1,0.2
"426","343","Donovan Mitchell\mitchdo01","SG",0.558,0.24,2.6,11.3,7.1,11,5.4,2.3
"427","344","Naz Mitrou-Long\mitrona01","SG",0.412,0,0,16.2,8.2,15,0,0
"428","345","Adam Mokoka\mokokad01","SG",0.538,0.143,6.6,3.1,4.9,6.3,0.2,-0.1
"429","346","Malik Monk\monkma01","SG",0.53,0.205,2.4,12.6,7.3,12.6,0.7,-0.1
"430","347","Matt Mooney\moonema01","SG",0.25,0,0,17.7,8.8,0,0,0
"431","348","E'Twaun Moore\mooreet01","SG",0.51,0.103,3.2,10.4,6.8,8.1,0.9,-0.2
"432","349","Ja Morant\moranja01","PG",0.556,0.329,2.6,10.4,6.6,17,3.8,1.2
"433","350","Juwan Morgan\morgaju01","PF",0.648,0.154,8.5,15.1,11.9,17.8,0.3,0
"434","351","Marcus Morris\morrima03","SF-PF",0.57,0.272,3.2,14,8.5,9.7,3.6,0.9
"435","351","Marcus Morris\morrima03","SF",0.582,0.311,3.6,14.7,9,9.2,2.9,0.9
"436","351","Marcus Morris\morrima03","PF",0.523,0.126,2.1,12.3,7.4,11.6,0.6,0
"437","352","Markieff Morris\morrima02","PF",0.565,0.186,3.8,17.1,10.3,13.3,1.4,0
"438","352","Markieff Morris\morrima02","PF",0.573,0.203,2.7,17.3,9.9,14.2,1,0
"439","352","Markieff Morris\morrima02","PF",0.516,0.087,8.9,15.8,12.4,7.7,0.4,0
"440","353","Monte Morris\morrimo01","PG",0.545,0.157,1.6,7.7,4.7,8.1,3.8,0.8
"441","354","Johnathan Motley\motlejo01","PF",0.774,0.467,7.8,17.3,12.7,21.7,0.3,0.1
"442","355","Emmanuel Mudiay\mudiaem01","PG",0.543,0.254,2.4,13.5,8.2,17.3,1,0
"443","356","Mychal Mulder\muldemy01","SG",0.533,0.179,1.5,11,6.1,6.5,0.1,-0.2
"444","357","Dejounte Murray\murrade01","PG",0.524,0.179,4.4,20.1,12.2,15.4,2.6,1
"445","358","Jamal Murray\murraja01","PG",0.559,0.207,2.7,11.2,6.9,11.5,4.3,1.5
"446","359","Džanan Musa\musadz01","SF",0.484,0.349,4.6,13.5,9.1,15.4,0.2,-0.3
"447","360","Mike Muscala\muscami01","C",0.569,0.116,3.2,17.3,10.4,7.9,1.3,0.3
"448","361","Sviatoslav Mykhailiuk\mykhasv01","SF",0.578,0.173,1.5,7.9,4.7,12.3,1.6,0
"449","362","Abdel Nader\naderab01","SF",0.591,0.251,1.8,10.6,6.4,12.8,1.3,0.2
"450","363","Larry Nance Jr.\nancela02","C",0.608,0.172,7.9,23.1,15.4,11.5,3.9,1.4
"451","364","Shabazz Napier\napiesh01","PG",0.552,0.336,2,10.9,6.3,19.7,1.7,0.3
"452","364","Shabazz Napier\napiesh01","PG",0.539,0.311,2,11.9,6.8,19.1,1.3,0.3
"453","364","Shabazz Napier\napiesh01","PG",0.573,0.376,1.9,9.1,5.4,20.5,0.4,0
"454","365","Raul Neto\netora01","PG",0.567,0.212,1.8,8.3,5,16.2,1.2,0
"455","366","Malik Newman\newmama01","SG",0.347,1,0,0,0,25.8,0,0
"456","367","Georges Niang\niangge01","PF",0.589,0.075,1.9,12.9,7.6,8.3,1.8,0.4
"457","368","Joakim Noah\noahjo01","C",0.608,1,10.7,22.3,16.6,34.2,0.1,0
"458","369","Nerlens Noel\noelne01","C",0.711,0.394,9.2,19.9,14.7,17.3,4.9,1.5
"459","370","Zach Norvell\norveza01","SG",0.402,0.083,0,16.3,7.9,19.4,-0.1,-0.1
"460","370","Zach Norvell\norveza01","SG",0,0,0,21.6,10.9,0,0,0
"461","370","Zach Norvell\norveza01","SG",0.437,0.091,0,15.6,7.5,20.8,-0.1,-0.1
"462","371","Jaylen Nowell\nowelja01","SG",0.471,0.321,2,7.3,4.5,4.7,0.2,-0.1
"463","372","Frank Ntilikina\ntilila01","PG",0.497,0.177,2,9.1,5.4,16.5,0.9,-0.4
"464","373","Kendrick Nunn\nunnke01","SG",0.534,0.109,1.2,8.7,5.1,10.6,2,-0.1
"465","374","Jusuf Nurkić\nurkiju01","C",0.567,0.321,9.6,24.1,16.9,13.2,0.9,0.2
"466","375","David Nwaba\nwabada01","SF",0.627,0.38,3.2,14,8.7,8.8,0.8,0.2
"467","376","Royce O'Neale\onealro01","PF",0.578,0.151,1.5,18.8,10.4,13.5,4.3,1.5
"468","377","Kyle O'Quinn\oquinky01","C",0.544,0.235,12,29,20.5,17.6,1.1,0.4
"469","378","Semi Ojeleye\ojelese01","PF",0.562,0.163,2.8,12.5,7.7,8.3,1.9,0.1
"470","379","Jahlil Okafor\okafoja01","C",0.642,0.383,10.9,18,14.4,16.7,1.3,0.2
"471","380","Elie Okobo\okoboel01","PG",0.516,0.392,2.4,11.6,6.9,15.2,1,0
"472","381","Josh Okogie\okogijo01","SG",0.553,0.48,5.7,12.8,9.1,15.3,2.2,-0.2
"473","382","KZ Okpala\okpalkz01","SF",0.595,0.4,4.5,16.6,10.8,14.5,0.1,0
"474","383","Victor Oladipo\oladivi01","SG",0.506,0.24,1.9,13.6,7.8,14.7,0,-0.2
"475","384","Kelly Olynyk\olynyke01","C",0.621,0.251,3.9,21.6,13.1,13.8,3.7,1
"476","385","Miye Oni\onimi01","SG",0.512,0.156,5.2,11.7,8.6,10.5,0.1,-0.1
"477","386","Cedi Osman\osmande01","SF",0.552,0.154,2.2,11.3,6.7,12.3,1.6,-0.3
"478","387","Kelly Oubre Jr.\oubreke01","SF",0.56,0.298,3.8,17.1,10.4,8.2,3.8,0.7
"479","388","Tariq Owens\owensta01","PF",0.34,0.4,14.6,7.5,11.1,0,0,0
"480","389","Jeremy Pargo\pargoje01","PG",0.557,0.045,2.4,5.1,3.7,15.1,0,0
"481","390","Jabari Parker\parkeja01","PF",0.571,0.189,7.1,18.3,12.6,12.1,1.6,0.5
"482","390","Jabari Parker\parkeja01","PF",0.565,0.183,6.9,17.9,12.3,12.4,1.2,0.4
"483","390","Jabari Parker\parkeja01","PF",0.638,0.25,9.6,23.1,16.2,9.1,0.4,0.1
"484","391","Chandler Parsons\parsoch01","SF",0.389,0,2,12.1,7,14.3,-0.1,-0.1
"485","392","Eric Paschall\pascher01","PF",0.571,0.331,5.2,13.1,9,11.4,2.1,-0.3
"486","393","Anžejs Pasečņiks\pasecan01","C",0.551,0.5,10.1,16.9,13.4,14.5,0.5,-0.4
"487","394","Patrick Patterson\pattepa01","PF",0.58,0.185,4.8,15.1,10.1,7.7,1.9,0.5
"488","395","Justin Patton\pattoju01","C",0.45,0,4.7,17.9,11.5,16.7,0,0
"489","396","Chris Paul\paulch01","PG",0.61,0.315,1.3,15.7,8.7,13.8,8.9,3.5
"490","397","Cameron Payne\payneca01","PG",0.612,0.103,2.4,16.6,9.4,13.4,0.5,0.2
"491","398","Elfrid Payton\paytoel01","PG",0.47,0.195,4.3,14.1,9.1,16.7,1.7,0.6
"492","399","Gary Payton II\paytoga02","PG",0.473,0.069,6.3,14.2,10.1,14.3,0.5,0
"493","400","Norvel Pelle\pelleno01","C",0.526,0.292,9.5,24.8,17.1,24.9,0.3,-0.2
"494","401","Theo Pinson\pinsoth01","SG",0.37,0.103,2.9,12.2,7.7,16.9,-0.6,-0.5
"495","402","Mason Plumlee\plumlma01","C",0.613,0.538,10.4,23.2,16.8,18.7,3.4,1.1
"496","403","Jakob Poeltl\poeltja01","C",0.612,0.323,12.1,22.5,17.3,15.1,4,1.3
"497","404","Vincent Poirier\poirivi01","C",0.525,0.194,10.8,24.4,17.7,17,0.3,-0.1
"498","405","Shamorie Ponds\pondssh01","PG",0.765,0.4,0,9.4,4.8,0,0.1,0
"499","406","Jordan Poole\poolejo01","SG",0.454,0.237,0.7,9.6,5,11.8,-1.2,-1.5
"500","407","Kevin Porter Jr.\porteke02","SF",0.535,0.24,2.1,13.5,7.7,16.7,0.3,-0.5
"501","408","Michael Porter Jr.\portemi01","PF",0.617,0.188,8.2,23.9,16.1,10.6,2.9,0.8
"502","409","Otto Porter\porteot01","SF",0.55,0.193,4.1,12.3,8,6.8,0.8,0.3
"503","410","Bobby Portis\portibo01","C",0.53,0.158,6,20.4,12.9,10.4,1.9,0.3
"504","411","Kristaps Porziņģis\porzikr01","PF",0.551,0.304,5.9,25.1,15.6,8,5.2,1.8
"505","412","Dwight Powell\poweldw01","C",0.677,0.485,7.5,14.8,11.2,11.5,3.6,0.9
"506","413","Norman Powell\powelno01","SG",0.624,0.256,1.9,11.4,6.8,10.4,4.6,1.5
"507","414","Chasson Randle\randlch01","PG",0.377,1.5,0,5.6,2.7,0,0,0
"508","415","Julius Randle\randlju01","PF",0.538,0.35,7.5,24.9,16,14.3,2.7,0.9
"509","416","Josh Reaves\reavejo02","SG",0.405,0.222,3.8,7.4,5.6,0,0,-0.1
"510","417","Cam Reddish\reddica01","SF",0.5,0.227,2.4,12.7,7.5,13.6,-0.4,-0.9
"511","418","J.J. Redick\redicjj01","SG",0.644,0.293,0.7,9.5,5.1,9.5,4.1,1.1
"512","419","Naz Reid\reidna01","C",0.505,0.218,7,19.9,13.2,7.6,0.8,0
"513","420","Josh Richardson\richajo01","SG",0.533,0.218,2.7,8.7,5.7,12.8,2.1,0.1
"514","421","Austin Rivers\riverau01","SG",0.542,0.222,1.8,9.8,5.8,8.3,2.4,-0.2
"515","422","Andre Roberson\roberan03","SG",0.335,0.069,9.2,24.7,17.1,6.3,0,-0.1
"516","423","Duncan Robinson\robindu01","SG",0.684,0.105,0.5,11,6,8.9,5.3,1.3
"517","424","Glenn Robinson III\robingl02","SF",0.577,0.145,4.8,11.9,8.2,8,2.9,0.1
"518","424","Glenn Robinson III\robingl02","SF",0.574,0.146,4.6,11.9,8.1,8.5,2.1,0.1
"519","424","Glenn Robinson III\robingl02","SF",0.598,0.141,6.1,11.9,9,5.2,0.8,0
"520","425","Jerome Robinson\robinje01","SG",0.476,0.184,1.4,12.8,7,12.8,0.2,-0.5
"521","425","Jerome Robinson\robinje01","SG",0.423,0.14,1.1,11.7,6.5,15.3,0,-0.3
"522","425","Jerome Robinson\robinje01","SG",0.516,0.218,1.7,13.8,7.5,10.8,0.2,-0.1
"523","426","Justin Robinson\robinju01","PG",0.542,0,2.1,9.3,5.6,20,0,0
"524","427","Mitchell Robinson\robinmi01","C",0.726,0.434,13.7,18.8,16.2,8.3,6.8,1.8
"525","428","Isaiah Roby\robyis01","SF",0,0,0,19.5,10,50,0,0
"526","429","Rajon Rondo\rondora01","PG",0.494,0.125,2.6,13.1,7.9,20.8,1.4,0.2
"527","430","Derrick Rose\rosede01","PG",0.555,0.185,2.3,8.3,5.3,13.4,2.5,1.4
"528","431","Terrence Ross\rosste01","SG",0.548,0.217,0.7,12.3,6.3,7,3,0.8
"529","432","Terry Rozier\roziete01","PG",0.553,0.202,2.4,11.8,7,12.1,3,0.8
"530","433","Ricky Rubio\rubiori01","PG",0.535,0.327,2.5,14.4,8.4,17.9,4.9,1.5
"531","434","D'Angelo Russell\russeda01","PG",0.556,0.235,1.2,12.3,6.6,13.6,1.8,1.4
"532","434","D'Angelo Russell\russeda01","PG",0.558,0.227,1.4,11.4,6.2,12.6,1.3,1.2
"533","434","D'Angelo Russell\russeda01","PG",0.553,0.261,0.8,14.5,7.4,16.4,0.5,0.2
"534","435","Domantas Sabonis\sabondo01","PF",0.586,0.349,9.7,29.3,19.6,14.8,7.5,2.9
"535","436","Luka Šamanić\samanlu01","PF",0.45,0.25,2.2,20.2,11.2,10.1,0,0
"536","437","JaKarr Sampson\sampsja02","SF",0.615,0.235,4.7,15.7,10.2,10.6,1.2,0.1
"537","438","Dario Šarić\saricda01","PF",0.592,0.238,6.7,21.1,13.8,12.9,3.6,0.7
"538","439","Tomáš Satoranský\satorto01","PG",0.533,0.22,4.3,11,7.5,17.7,3.5,0.3
"539","440","Admiral Schofield\schofad01","SF",0.502,0.163,2,12.4,7,6.6,0.1,-0.3
"540","441","Dennis Schröder\schrode01","PG",0.575,0.245,1.1,11.6,6.5,13.4,3.6,1
"541","442","Mike Scott\scottmi01","PF",0.557,0.106,5.9,16.8,11.3,6.6,2.5,0.1
"542","443","Thabo Sefolosha\sefolth01","PF",0.487,0.088,5,17.5,11.2,13.7,0.7,0.1
"543","444","Collin Sexton\sextoco01","SG",0.56,0.246,3.1,7.5,5.3,11.6,2.5,0.1
"544","445","Landry Shamet\shamela01","SG",0.58,0.194,0.4,6.6,3.6,9,2.6,0
"545","446","Marial Shayok\shayoma01","SG",0.4,0.333,3.9,23.7,13.8,17.9,-0.1,-0.1
"546","447","Iman Shumpert\shumpim01","SG",0.403,0.109,3.9,10.5,7.3,13,0,-0.2
"547","448","Pascal Siakam\siakapa01","PF",0.554,0.274,3.3,18.3,11,10.7,5.4,2
"548","449","Chris Silva\silvach01","PF",0.651,0.705,20.2,20.6,20.4,23.8,1.3,0
"549","450","Ben Simmons\simmobe01","PG",0.602,0.461,6.2,18.2,12.2,20.4,6.9,2.8
"550","451","Anfernee Simons\simonan01","SG",0.502,0.172,1.8,9.1,5.5,9.6,0.2,-0.9
"551","452","Alen Smailagić\smailal01","PF",0.61,0.475,7.5,13.7,10.5,18.5,0.2,0
"552","453","Marcus Smart\smartma01","SG",0.518,0.223,2.4,10.1,6.3,12.1,4.5,1.6
"553","454","Dennis Smith Jr.\smithde03","PG",0.399,0.251,4.1,11.7,7.7,19.8,-0.9,-0.6
"554","455","Ish Smith\smithis01","PG",0.509,0.125,1.8,12,6.7,11.6,1.9,0.3
"555","456","J.R. Smith\smithjr01","SG",0.372,0.091,0,6.9,3.5,14.9,-0.1,-0.2
"556","457","Zhaire Smith\smithzh01","SG",0.313,0.364,0,6.9,3.5,13.6,-0.1,-0.1
"557","458","Tony Snell\snellto01","SF",0.598,0.084,0.6,7.1,3.8,7.3,2.6,0.1
"558","459","Omari Spellman\spellom01","PF",0.551,0.312,9.1,18,13.4,13.9,1.2,0.1
"559","460","Max Strus\strusma01","SG",0.727,0.333,17.5,0,9.2,0,0,0
"560","461","Edmond Sumner\sumneed01","PG",0.491,0.204,2.7,8.5,5.6,12.4,0.4,-0.1
"561","462","Caleb Swanigan\swanica01","PF",0.597,0.362,9.9,26.4,18.3,40.4,0,-0.3
"562","462","Caleb Swanigan\swanica01","PF",0.512,0.5,9.6,25.1,17.1,55.1,-0.1,-0.1
"563","462","Caleb Swanigan\swanica01","PF",0.605,0.349,10,26.5,18.3,38.5,0.1,-0.2
"564","463","Jayson Tatum\tatumja01","PF",0.567,0.255,3.1,18.5,10.9,10.2,6.9,3.4
"565","464","Jeff Teague\teaguje01","PG",0.557,0.403,1.9,8.6,5.2,16.8,2.5,0.2
"566","464","Jeff Teague\teaguje01","PG",0.578,0.444,1.6,8.5,4.9,16.4,2.1,0.3
"567","464","Jeff Teague\teaguje01","PG",0.512,0.321,2.5,8.8,5.6,17.5,0.4,-0.2
"568","465","Garrett Temple\templga01","SG",0.513,0.148,1.8,11.1,6.5,9,2.4,0.4
"569","466","Daniel Theis\theisda01","C",0.631,0.268,9.7,19.3,14.6,10.2,6.5,1.7
"570","467","Isaiah Thomas\thomais02","PG",0.531,0.178,1.2,7,4,14.4,0,-0.5
"571","468","Khyri Thomas\thomakh01","SG",0.453,0.235,1.8,0,0.9,13.8,0,-0.1
"572","469","Lance Thomas\thomala01","SF",0.485,0.174,2.2,11.4,6.9,19.5,0,-0.2
"573","470","Matt Thomas\thomama02","SG",0.65,0.08,2.2,12.2,7.3,9.3,1.2,0.3
"574","471","Tristan Thompson\thomptr01","C",0.54,0.286,14.5,22.9,18.6,14,3.1,0.2
"575","472","Sindarius Thornwell\thornsi01","SG",0.627,0.364,0,12.2,6.1,13.6,0.1,0
"576","473","Matisse Thybulle\thybuma01","SG",0.539,0.155,3.8,5.4,4.6,15.3,2.3,0.8
"577","474","Anthony Tolliver\tollian01","PF",0.513,0.159,4.1,14.3,9.3,14.9,0.5,-0.3
"578","474","Anthony Tolliver\tollian01","PF",0.515,0.162,5.2,15.5,10.4,14.3,0.4,-0.2
"579","474","Anthony Tolliver\tollian01","PF",0.252,0.118,2.7,12.7,7.6,18.3,-0.2,-0.1
"580","474","Anthony Tolliver\tollian01","PF",0.602,0.167,2.3,12.3,7.4,14.9,0.3,0
"581","475","Juan Toscano-Anderson\toscaju01","SF",0.529,0.079,3.5,17.8,10.4,19.7,0.2,-0.1
"582","476","Karl-Anthony Towns\townska01","C",0.642,0.363,8.1,26.1,16.8,13.2,5.1,2.9
"583","477","Gary Trent Jr.\trentga02","SG",0.587,0.102,2,5.8,3.9,4.4,2.5,0.6
"584","478","Allonzo Trier\trieral01","PG",0.62,0.406,2.1,8.7,5.3,15,0.5,0.1
"585","479","P.J. Tucker\tuckepj01","PF",0.559,0.113,4.7,15.6,10.1,13.9,4,0.1
"586","480","Rayjon Tucker\tuckera01","SG",0.584,0.535,2.1,11.2,6.8,13.1,0.2,-0.2
"587","481","Evan Turner\turneev01","PG",0.424,0.209,3.4,13,8.2,26.2,-0.3,-0.2
"588","482","Myles Turner\turnemy01","C",0.566,0.288,5.2,19.1,12.2,11.4,4.2,1
"589","483","Jarrod Uthoff\uthofja01","SF",0.503,0.111,4,8.6,6.1,0,0,0
"590","483","Jarrod Uthoff\uthofja01","SF",0.254,0.286,7.7,0,3.8,0,0,0
"591","483","Jarrod Uthoff\uthofja01","SF",0.682,0,2.7,11.7,7,0,0.1,0
"592","484","Jonas Valančiūnas\valanjo01","C",0.631,0.271,12.4,32.2,22.5,13.3,7,2
"593","485","Denzel Valentine\valende01","SF",0.511,0.034,1.9,15.5,8.4,9.8,0.5,0.2
"594","486","Jarred Vanderbilt\vandeja01","SF-PF",0.676,0.25,7.3,14.5,10.9,44.1,0,-0.1
"595","486","Jarred Vanderbilt\vandeja01","SF",0.714,0,8.2,13.6,10.9,50,0,0
"596","486","Jarred Vanderbilt\vandeja01","PF",0.532,2,0,21.9,10.6,0,0,0
"597","487","Fred VanVleet\vanvlfr01","PG",0.553,0.256,1,9.9,5.6,12.3,5.8,2.3
"598","488","Gabe Vincent\vincega01","PG",0.297,0,0,6.5,3.4,2.6,-0.2,-0.2
"599","489","Noah Vonleh\vonleno01","C-PF",0.622,0.348,10.1,25.3,17.4,16.5,1,0.1
"600","489","Noah Vonleh\vonleno01","C",0.605,0.326,10,25.9,17.6,16.2,0.9,0.1
"601","489","Noah Vonleh\vonleno01","PF",0.838,0.667,11.2,18.6,14.9,20.5,0.1,0
"602","490","Nikola Vučević\vucevni01","C",0.549,0.162,7.3,29.7,18.1,7.4,6.4,3.1
"603","491","Dean Wade\wadede01","PF",0.744,0.077,4.6,25.3,14.9,18.2,0.2,0
"604","492","Moritz Wagner\wagnemo01","C",0.638,0.357,7,22.2,14.3,17.7,1.7,-0.1
"605","493","Dion Waiters\waitedi01","SG",0.521,0.172,1.1,11.5,6.4,13.1,0.1,0
"606","493","Dion Waiters\waitedi01","SG",0.53,0.038,0,28.2,14.7,10.2,0,0
"607","493","Dion Waiters\waitedi01","SG",0.518,0.219,1.3,7.2,4.3,14,0.1,0
"608","494","Kemba Walker\walkeke02","PG",0.575,0.272,2.2,11,6.7,10.5,5.9,2.9
"609","495","Lonnie Walker\walkelo01","SG",0.507,0.171,2.5,12.7,7.6,10.3,0.3,-0.4
"610","496","Tyrone Wallace\wallaty01","SG",0.389,0.386,2,13,7.4,16.3,-0.2,-0.3
"611","497","Taurean Prince\princta02","SF",0.497,0.12,2.8,18.1,10.6,14,0.6,-0.4
"612","498","Derrick Walton\waltode01","PG",0.617,0.231,0.9,5.8,3.4,10.4,0.6,0.1
"613","498","Derrick Walton\waltode01","PG",0.626,0.25,1,5.9,3.5,9.1,0.5,0
"614","498","Derrick Walton\waltode01","PG",0.5,0,0,4.4,2.2,25,0.1,0
"615","499","Brad Wanamaker\wanambr01","PG",0.577,0.376,1.7,9.4,5.6,15.3,3.5,0.5
"616","500","T.J. Warren\warretj01","SF",0.61,0.205,3.4,10.5,7,7.2,6.5,1.7
"617","501","P.J. Washington\washipj01","PF",0.547,0.231,3.5,16.6,9.8,12.5,2,0.2
"618","502","Yuta Watanabe\watanyu01","SG",0.48,0.235,7.2,12.8,10,5.1,0.1,0
"619","503","Tremont Waters\watertr01","PG",0.381,0.163,0,10.7,5.4,22.2,-0.3,-0.2
"620","504","Paul Watson\watsopa01","SF-SG",0.517,0.346,2.5,17.9,10.3,9.1,0.2,0
"621","504","Paul Watson\watsopa01","SG",0,0,0,12.8,6.3,0,-0.1,-0.1
"622","504","Paul Watson\watsopa01","SF",0.675,0.474,3.1,19.2,11.3,11.6,0.3,0.1
"623","505","Quinndary Weatherspoon\weathqu01","SG",0.336,0.118,1.4,8.3,4.8,21.9,-0.1,-0.1
"624","506","Russell Westbrook\westbru01","PG",0.536,0.297,5.1,18.1,11.5,15,4.2,1.8
"625","507","Coby White\whiteco01","SG",0.506,0.163,1.8,14,7.6,11.4,0.9,-0.4
"626","508","Derrick White\whitede01","SG",0.593,0.382,2.3,12.1,7.2,12.1,4.2,1.4
"627","509","Hassan Whiteside\whiteha01","C",0.644,0.34,13.6,33.3,23.6,12.9,8.5,2.6
"628","510","Andrew Wiggins\wiggian01","SF-SG",0.536,0.274,3.6,12.3,7.8,10.7,1.9,0.8
"629","510","Andrew Wiggins\wiggian01","SF",0.535,0.262,3.4,12.9,7.9,10.8,1.4,0.6
"630","510","Andrew Wiggins\wiggian01","SG",0.542,0.324,4.7,10.3,7.4,10.4,0.5,0.2
"631","511","Grant Williams\willigr01","PF",0.505,0.256,6.1,12.1,9.1,17.6,1.6,-0.2
"632","512","Johnathan Williams\willijo04","C",0.566,0.382,14,25.3,19.4,11.2,0.4,0
"633","513","Kenrich Williams\willike04","PF",0.429,0.177,6.5,17.3,11.9,12.2,0.9,-0.1
"634","514","Lou Williams\willilo02","SG",0.546,0.362,1.8,9.2,5.6,14.4,4.1,1.3
"635","515","Marvin Williams\willima02","PF",0.587,0.213,2.8,14.3,8.5,10.2,2.4,0.4
"636","515","Marvin Williams\willima02","PF",0.593,0.238,2,13.2,7.4,9.7,1.5,0.1
"637","515","Marvin Williams\willima02","PF",0.566,0.123,4.9,17.1,11.4,11.8,0.9,0.2
"638","516","Robert Williams\williro04","C",0.728,0.386,11.2,24,17.7,16.9,2,0.7
"639","517","Nigel Williams-Goss\willini01","PG",0.415,0.125,4.6,8.5,6.6,15.1,0,0
"640","518","Zion Williamson\willizi01","PF",0.616,0.494,10.1,13.7,11.9,11.9,2,0.7
"641","519","D.J. Wilson\wilsodj01","PF",0.475,0.136,3.5,20.5,12.5,12,0.3,-0.2
"642","520","Justise Winslow\winslju01","SF",0.44,0.209,5.3,17.5,11.6,14.6,0,-0.1
"643","521","Christian Wood\woodch01","PF",0.659,0.476,8.8,24.8,16.7,12,5.1,1.7
"644","522","Delon Wright\wrighde01","SG",0.554,0.243,4.7,13.8,9.4,13.8,4.4,1.5
"645","523","Justin Wright-Foreman\wrighju02","PG",0.437,0.2,0,11.8,6.1,12.1,0,-0.1
"646","524","Thaddeus Young\youngth01","PF",0.521,0.12,6.2,16.1,10.9,13.9,1.9,0.3
"647","525","Trae Young\youngtr01","PG",0.595,0.448,1.6,11.5,6.5,16.2,5.9,3.1
"648","526","Cody Zeller\zelleco01","C",0.576,0.374,12.6,21.2,16.7,11.9,3.6,0.5
"649","527","Tyler Zeller\zellety01","C",0.25,0,80.9,26.9,53.9,0,0,0
"650","528","Ante Žižić\zizican01","C",0.597,0.264,9,24.4,16.6,11.1,0.5,-0.1
"651","529","Ivica Zubac\zubaciv01","C",0.651,0.431,15.9,26.4,21.3,11.8,6.6,1.6
